Date,AAPL,MSFT,SPY
2018-10-08,55.942501068115234,110.8499984741211,287.82000732421875
2018-10-09,56.717498779296875,112.26000213623047,287.3999938964844
2018-10-10,54.09000015258789,106.16000366210938,278.29998779296875
2018-10-11,53.61249923706055,105.91000366210938,272.1700134277344
2018-10-12,55.52750015258789,109.56999969482422,275.95001220703125
2018-10-15,54.34000015258789,107.5999984741211,274.3999938964844
2018-10-16,55.537498474121094,111.0,280.3999938964844
2018-10-17,55.29750061035156,110.70999908447266,280.45001220703125
2018-10-18,54.005001068115234,108.5,276.3999938964844
2018-10-19,54.82749938964844,108.66000366210938,276.25
2018-10-22,55.162498474121094,109.62999725341797,275.010009765625
2018-10-23,55.682498931884766,108.0999984741211,273.6099853515625
2018-10-24,53.772499084472656,102.31999969482422,265.32000732421875
2018-10-25,54.95000076293945,108.30000305175781,270.0799865722656
2018-10-26,54.07500076293945,106.95999908447266,265.3299865722656
2018-10-29,53.060001373291016,103.8499984741211,263.8599853515625
2018-10-30,53.32500076293945,103.7300033569336,267.7699890136719
2018-10-31,54.71500015258789,106.80999755859375,270.6300048828125
2018-11-01,55.55500030517578,105.91999816894531,273.510009765625
2018-11-02,51.869998931884766,106.16000366210938,271.8900146484375
2018-11-05,50.397499084472656,107.51000213623047,273.3900146484375
2018-11-06,50.942501068115234,107.72000122070312,275.1199951171875
2018-11-07,52.48749923706055,111.95999908447266,281.010009765625
2018-11-08,52.122501373291016,111.75,280.5
2018-11-09,51.11750030517578,109.56999969482422,277.760009765625
2018-11-12,48.54249954223633,106.87000274658203,272.57000732421875
2018-11-13,48.057498931884766,106.94000244140625,272.05999755859375
2018-11-14,46.70000076293945,104.97000122070312,270.20001220703125
2018-11-15,47.852500915527344,107.27999877929688,273.0199890136719
2018-11-16,48.38249969482422,108.29000091552734,273.7300109863281
2018-11-19,46.46500015258789,104.62000274658203,269.1000061035156
2018-11-20,44.244998931884766,101.70999908447266,264.1199951171875
2018-11-21,44.19499969482422,103.11000061035156,265.0199890136719
2018-11-22,,,
2018-11-23,43.0724983215332,103.06999969482422,263.25
2018-11-26,43.654998779296875,106.47000122070312,267.5
2018-11-27,43.560001373291016,107.13999938964844,268.3999938964844
2018-11-28,45.23500061035156,111.12000274658203,274.5799865722656
2018-11-29,44.88750076293945,110.19000244140625,273.9800109863281
2018-11-30,44.64500045776367,110.88999938964844,275.6499938964844
2018-12-03,46.20500183105469,112.08999633789062,279.29998779296875
2018-12-04,44.17250061035156,108.5199966430664,270.25
2018-12-05,,,
2018-12-06,43.68000030517578,109.19000244140625,269.8399963378906
2018-12-07,42.122501373291016,104.81999969482422,263.57000732421875
2018-12-10,42.400001525878906,107.58999633789062,264.07000732421875
2018-12-11,42.157501220703125,108.58999633789062,264.1300048828125
2018-12-12,42.275001525878906,109.08000183105469,265.4599914550781
2018-12-13,42.73749923706055,109.44999694824219,265.3699951171875
2018-12-14,41.369998931884766,106.02999877929688,260.4700012207031
2018-12-17,40.98500061035156,102.88999938964844,255.36000061035156
2018-12-18,41.51750183105469,103.97000122070312,255.0800018310547
2018-12-19,40.22249984741211,103.69000244140625,251.25999450683594
2018-12-20,39.20750045776367,101.51000213623047,247.1699981689453
2018-12-21,37.682498931884766,98.2300033569336,240.6999969482422
2018-12-24,36.70750045776367,94.12999725341797,234.33999633789062
2018-12-25,,,
2018-12-26,39.29249954223633,100.55999755859375,246.17999267578125
2018-12-27,39.037498474121094,101.18000030517578,248.07000732421875
2018-12-28,39.057498931884766,100.38999938964844,247.75
2018-12-31,39.435001373291016,101.56999969482422,249.9199981689453
2019-01-01,,,
2019-01-02,39.47999954223633,101.12000274658203,250.17999267578125
2019-01-03,35.54750061035156,97.4000015258789,244.2100067138672
2019-01-04,37.064998626708984,101.93000030517578,252.38999938964844
2019-01-07,36.98249816894531,102.05999755859375,254.3800048828125
2019-01-08,37.6875,102.80000305175781,256.7699890136719
2019-01-09,38.32749938964844,104.2699966430664,257.9700012207031
2019-01-10,38.45000076293945,103.5999984741211,258.8800048828125
2019-01-11,38.0724983215332,102.80000305175781,258.9800109863281
2019-01-14,37.5,102.05000305175781,257.3999938964844
2019-01-15,38.26750183105469,105.01000213623047,260.3500061035156
2019-01-16,38.73500061035156,105.37999725341797,260.9800109863281
2019-01-17,38.96500015258789,106.12000274658203,262.9599914550781
2019-01-18,39.20500183105469,107.70999908447266,266.4599914550781
2019-01-21,,,
2019-01-22,38.32500076293945,105.68000030517578,262.8599853515625
2019-01-23,38.47999954223633,106.70999908447266,263.4100036621094
2019-01-24,38.17499923706055,106.19999694824219,263.54998779296875
2019-01-25,39.439998626708984,107.16999816894531,265.7799987792969
2019-01-28,39.07500076293945,105.08000183105469,263.760009765625
2019-01-29,38.66999816894531,102.94000244140625,263.4100036621094
2019-01-30,41.3125,106.37999725341797,267.5799865722656
2019-01-31,41.61000061035156,104.43000030517578,269.92999267578125
2019-02-01,41.630001068115234,102.77999877929688,270.05999755859375
2019-02-04,42.8125,105.73999786376953,271.9599914550781
2019-02-05,43.54499816894531,107.22000122070312,273.1000061035156
2019-02-06,43.560001373291016,106.02999877929688,272.739990234375
2019-02-07,42.73500061035156,105.2699966430664,270.1400146484375
2019-02-08,42.602500915527344,105.66999816894531,270.4700012207031
2019-02-11,42.35749816894531,105.25,270.6199951171875
2019-02-12,42.72249984741211,106.88999938964844,274.1000061035156
2019-02-13,42.54499816894531,106.80999755859375,274.989990234375
2019-02-14,42.70000076293945,106.9000015258789,274.3800048828125
2019-02-15,42.60499954223633,108.22000122070312,277.3699951171875
2019-02-18,,,
2019-02-19,42.73249816894531,108.16999816894531,277.8500061035156
2019-02-20,43.00749969482422,107.1500015258789,278.4100036621094
2019-02-21,42.76499938964844,109.41000366210938,277.4200134277344
2019-02-22,43.24250030517578,110.97000122070312,279.1400146484375
2019-02-25,43.557498931884766,111.58999633789062,279.5199890136719
2019-02-26,43.58250045776367,112.36000061035156,279.32000732421875
2019-02-27,43.717498779296875,112.16999816894531,279.20001220703125
2019-02-28,43.287498474121094,112.02999877929688,278.67999267578125
2019-03-01,43.74250030517578,112.52999877929688,280.4200134277344
2019-03-04,43.962501525878906,112.26000213623047,279.3999938964844
2019-03-05,43.88249969482422,111.69999694824219,279.0199890136719
2019-03-06,43.630001068115234,111.75,277.3299865722656
2019-03-07,43.125,110.38999938964844,275.010009765625
2019-03-08,43.227500915527344,110.51000213623047,274.4599914550781
2019-03-11,44.724998474121094,112.83000183105469,278.44000244140625
2019-03-12,45.227500915527344,113.62000274658203,279.489990234375
2019-03-13,45.4275016784668,114.5,281.3399963378906
2019-03-14,45.932498931884766,114.58999633789062,281.1600036621094
2019-03-15,46.529998779296875,115.91000366210938,281.30999755859375
2019-03-18,47.005001068115234,117.56999969482422,282.3299865722656
2019-03-19,46.63249969482422,117.6500015258789,282.3999938964844
2019-03-20,47.040000915527344,117.5199966430664,281.54998779296875
2019-03-21,48.772499084472656,120.22000122070312,284.7300109863281
2019-03-22,47.76250076293945,117.05000305175781,279.25
2019-03-25,47.185001373291016,117.66000366210938,279.0400085449219
2019-03-26,46.6974983215332,117.91000366210938,281.1199951171875
2019-03-27,47.11750030517578,116.7699966430664,279.6499938964844
2019-03-28,47.18000030517578,116.93000030517578,280.7099914550781
2019-03-29,47.48749923706055,117.94000244140625,282.4800109863281
2019-04-01,47.810001373291016,119.0199966430664,285.8299865722656
2019-04-02,48.505001068115234,119.19000244140625,285.9700012207031
2019-04-03,48.837501525878906,119.97000122070312,286.4200134277344
2019-04-04,48.92250061035156,119.36000061035156,287.17999267578125
2019-04-05,49.25,119.88999938964844,288.57000732421875
2019-04-08,50.025001525878906,119.93000030517578,288.7900085449219
2019-04-09,49.875,119.27999877929688,287.30999755859375
2019-04-10,50.154998779296875,120.19000244140625,288.2900085449219
2019-04-11,49.73749923706055,120.33000183105469,288.2099914550781
2019-04-12,49.717498779296875,120.94999694824219,290.1600036621094
2019-04-15,49.807498931884766,121.05000305175781,289.9700012207031
2019-04-16,49.8125,120.7699966430664,290.1600036621094
2019-04-17,50.782501220703125,121.7699966430664,289.45001220703125
2019-04-18,50.96500015258789,123.37000274658203,290.0199890136719
2019-04-19,,,
2019-04-22,51.13249969482422,123.76000213623047,290.2699890136719
2019-04-23,51.869998931884766,125.44000244140625,292.8800048828125
2019-04-24,51.790000915527344,125.01000213623047,292.2300109863281
2019-04-25,51.31999969482422,129.14999389648438,292.04998779296875
2019-04-26,51.07500076293945,129.88999938964844,293.4100036621094
2019-04-29,51.15250015258789,129.77000427246094,293.8699951171875
2019-04-30,50.16749954223633,130.60000610351562,294.0199890136719
2019-05-01,52.630001068115234,127.87999725341797,291.80999755859375
2019-05-02,52.287498474121094,126.20999908447266,291.17999267578125
2019-05-03,52.9375,128.89999389648438,294.0299987792969
2019-05-06,52.119998931884766,128.14999389648438,292.82000732421875
2019-05-07,50.71500015258789,125.5199966430664,287.92999267578125
2019-05-08,50.724998474121094,125.51000213623047,287.5299987792969
2019-05-09,50.18000030517578,125.5,286.6600036621094
2019-05-10,49.29499816894531,127.12999725341797,288.1000061035156
2019-05-13,46.43000030517578,123.3499984741211,280.8599853515625
2019-05-14,47.165000915527344,124.7300033569336,283.3999938964844
2019-05-15,47.72999954223633,126.0199966430664,285.05999755859375
2019-05-16,47.52000045776367,128.92999267578125,287.70001220703125
2019-05-17,47.25,128.07000732421875,285.8399963378906
2019-05-20,45.772499084472656,126.22000122070312,283.95001220703125
2019-05-21,46.650001525878906,126.9000015258789,286.510009765625
2019-05-22,45.69499969482422,127.66999816894531,285.6300048828125
2019-05-23,44.915000915527344,126.18000030517578,282.1400146484375
2019-05-24,44.74250030517578,126.23999786376953,282.7799987792969
2019-05-27,,,
2019-05-28,44.557498931884766,126.16000366210938,280.1499938964844
2019-05-29,44.345001220703125,124.94000244140625,278.2699890136719
2019-05-30,44.57500076293945,125.7300033569336,279.0299987792969
2019-05-31,43.76750183105469,123.68000030517578,275.2699890136719
2019-06-03,43.32500076293945,119.83999633789062,274.57000732421875
2019-06-04,44.90999984741211,123.16000366210938,280.5299987792969
2019-06-05,45.6349983215332,125.83000183105469,282.9599914550781
2019-06-06,46.30500030517578,127.81999969482422,284.79998779296875
2019-06-07,47.537498474121094,131.39999389648438,287.6499938964844
2019-06-10,48.14500045776367,132.60000610351562,288.9700012207031
2019-06-11,48.70249938964844,132.10000610351562,288.8999938964844
2019-06-12,48.54750061035156,131.49000549316406,288.3900146484375
2019-06-13,48.537498474121094,132.32000732421875,289.5799865722656
2019-06-14,48.185001373291016,132.4499969482422,289.260009765625
2019-06-17,48.47249984741211,132.85000610351562,289.3699951171875
2019-06-18,49.61249923706055,135.16000366210938,292.3999938964844
2019-06-19,49.467498779296875,135.69000244140625,293.05999755859375
2019-06-20,49.8650016784668,136.9499969482422,295.8599853515625
2019-06-21,49.69499969482422,136.97000122070312,294.0
2019-06-24,49.64500045776367,137.77999877929688,293.6400146484375
2019-06-25,48.89250183105469,133.42999267578125,290.760009765625
2019-06-26,49.95000076293945,133.92999267578125,290.4700012207031
2019-06-27,49.935001373291016,134.14999389648438,291.5
2019-06-28,49.47999954223633,133.9600067138672,293.0
2019-07-01,50.38750076293945,135.67999267578125,295.6600036621094
2019-07-02,50.682498931884766,136.5800018310547,296.42999267578125
2019-07-03,51.102500915527344,137.4600067138672,298.79998779296875
2019-07-04,,,
2019-07-05,51.057498931884766,137.05999755859375,298.4599914550781
2019-07-08,50.005001068115234,136.9600067138672,296.82000732421875
2019-07-09,50.310001373291016,136.4600067138672,297.19000244140625
2019-07-10,50.807498931884766,137.85000610351562,298.6099853515625
2019-07-11,50.4375,138.39999389648438,299.30999755859375
2019-07-12,50.82500076293945,138.89999389648438,300.6499938964844
2019-07-15,51.3025016784668,138.89999389648438,300.75
2019-07-16,51.125,137.0800018310547,299.7799987792969
2019-07-17,50.837501525878906,136.27000427246094,297.739990234375
2019-07-18,51.415000915527344,136.4199981689453,298.8299865722656
2019-07-19,50.647499084472656,136.6199951171875,297.1700134277344
2019-07-22,51.80500030517578,138.42999267578125,297.8999938964844
2019-07-23,52.209999084472656,139.2899932861328,300.0299987792969
2019-07-24,52.16749954223633,140.72000122070312,301.44000244140625
2019-07-25,51.755001068115234,140.19000244140625,300.0
2019-07-26,51.935001373291016,141.33999633789062,302.010009765625
2019-07-29,52.41999816894531,141.02999877929688,301.4599914550781
2019-07-30,52.19499969482422,140.35000610351562,300.7200012207031
2019-07-31,53.2599983215332,136.27000427246094,297.42999267578125
2019-08-01,52.10749816894531,138.05999755859375,294.8399963378906
2019-08-02,51.005001068115234,136.89999389648438,292.6199951171875
2019-08-05,48.334999084472656,132.2100067138672,283.82000732421875
2019-08-06,49.25,134.69000244140625,287.79998779296875
2019-08-07,49.7599983215332,135.27999877929688,287.9700012207031
2019-08-08,50.85749816894531,138.88999938964844,293.6199951171875
2019-08-09,50.247501373291016,137.7100067138672,291.6199951171875
2019-08-12,50.119998931884766,135.7899932861328,288.07000732421875
2019-08-13,52.24250030517578,138.60000610351562,292.54998779296875
2019-08-14,50.6875,133.97999572753906,283.8999938964844
2019-08-15,50.435001373291016,133.67999267578125,284.6499938964844
2019-08-16,51.625,136.1300048828125,288.8500061035156
2019-08-19,52.587501525878906,138.41000366210938,292.3299865722656
2019-08-20,52.59000015258789,137.25999450683594,290.0899963378906
2019-08-21,53.15999984741211,138.7899932861328,292.45001220703125
2019-08-22,53.1150016784668,137.77999877929688,292.3599853515625
2019-08-23,50.65999984741211,133.38999938964844,284.8500061035156
2019-08-26,51.622501373291016,135.4499969482422,288.0
2019-08-27,51.040000915527344,135.74000549316406,286.8699951171875
2019-08-28,51.38249969482422,135.55999755859375,288.8900146484375
2019-08-29,52.252498626708984,138.1199951171875,292.5799865722656
2019-08-30,52.185001373291016,137.86000061035156,292.45001220703125
2019-09-02,,,
2019-09-03,51.42499923706055,136.0399932861328,290.739990234375
2019-09-04,52.29750061035156,137.6300048828125,294.0400085449219
2019-09-05,53.31999969482422,140.0500030517578,297.82000732421875
2019-09-06,53.314998626708984,139.10000610351562,298.04998779296875
2019-09-09,53.54249954223633,137.52000427246094,298.20001220703125
2019-09-10,54.17499923706055,136.0800018310547,298.1300048828125
2019-09-11,55.897499084472656,136.1199951171875,300.25
2019-09-12,55.772499084472656,137.52000427246094,301.2900085449219
2019-09-13,54.6875,137.32000732421875,301.0899963378906
2019-09-16,54.974998474121094,136.3300018310547,300.1600036621094
2019-09-17,55.17499923706055,137.38999938964844,300.9200134277344
2019-09-18,55.692501068115234,138.52000427246094,301.1000061035156
2019-09-19,55.2400016784668,141.07000732421875,301.0799865722656
2019-09-20,54.432498931884766,139.44000244140625,298.2799987792969
2019-09-23,54.68000030517578,139.13999938964844,298.2099914550781
2019-09-24,54.41999816894531,137.3800048828125,295.8699951171875
2019-09-25,55.25749969482422,139.36000061035156,297.6199951171875
2019-09-26,54.97249984741211,139.5399932861328,297.0
2019-09-27,54.70500183105469,137.72999572753906,295.3999938964844
2019-09-30,55.99250030517578,139.02999877929688,296.7699890136719
2019-10-01,56.147499084472656,137.07000732421875,293.239990234375
2019-10-02,54.7400016784668,134.64999389648438,288.05999755859375
2019-10-03,55.20500183105469,136.27999877929688,290.4200134277344
2019-10-04,56.752498626708984,138.1199951171875,294.3500061035156
2019-10-07,56.76499938964844,137.1199951171875,293.0799865722656
2019-10-08,56.099998474121094,135.6699981689453,288.5299987792969
2019-10-09,56.75749969482422,138.24000549316406,291.2699890136719
2019-10-10,57.522499084472656,139.10000610351562,293.239990234375
2019-10-11,59.0525016784668,139.67999267578125,296.2799987792969
2019-10-14,58.967498779296875,139.5500030517578,295.95001220703125
2019-10-15,58.83000183105469,141.57000732421875,298.8800048828125
2019-10-16,58.592498779296875,140.41000366210938,298.3999938964844
2019-10-17,58.81999969482422,139.69000244140625,299.2799987792969
2019-10-18,59.102500915527344,137.41000366210938,297.9700012207031
2019-10-21,60.127498626708984,138.42999267578125,299.989990234375
2019-10-22,59.9900016784668,136.3699951171875,299.010009765625
2019-10-23,60.79499816894531,137.24000549316406,299.8800048828125
2019-10-24,60.89500045776367,139.94000244140625,300.3699951171875
2019-10-25,61.64500045776367,140.72999572753906,301.6000061035156
2019-10-28,62.26250076293945,144.19000244140625,303.29998779296875
2019-10-29,60.8224983215332,142.8300018310547,303.2099914550781
2019-10-30,60.814998626708984,144.61000061035156,304.1400146484375
2019-10-31,62.189998626708984,143.3699951171875,303.3299865722656
2019-11-01,63.95500183105469,143.72000122070312,306.1400146484375
2019-11-04,64.375,144.5500030517578,307.3699951171875
2019-11-05,64.28250122070312,144.4600067138672,307.0299987792969
2019-11-06,64.30999755859375,144.05999755859375,307.1000061035156
2019-11-07,64.85749816894531,144.25999450683594,308.17999267578125
2019-11-08,65.03500366210938,145.9600067138672,308.94000244140625
2019-11-11,65.55000305175781,146.11000061035156,308.3500061035156
2019-11-12,65.48999786376953,147.07000732421875,309.0
2019-11-13,66.11750030517578,147.30999755859375,309.1000061035156
2019-11-14,65.66000366210938,148.05999755859375,309.54998779296875
2019-11-15,66.44000244140625,149.97000122070312,311.7900085449219
2019-11-18,66.7750015258789,150.33999633789062,312.0199890136719
2019-11-19,66.57250213623047,150.38999938964844,311.92999267578125
2019-11-20,65.79750061035156,149.6199951171875,310.7699890136719
2019-11-21,65.50250244140625,149.47999572753906,310.2699890136719
2019-11-22,65.44499969482422,149.58999633789062,310.9599914550781
2019-11-25,66.59249877929688,151.22999572753906,313.3699951171875
2019-11-26,66.07250213623047,152.02999877929688,314.0799865722656
2019-11-27,66.95999908447266,152.32000732421875,315.4800109863281
2019-11-28,,,
2019-11-29,66.8125,151.3800048828125,314.30999755859375
2019-12-02,66.04000091552734,149.5500030517578,311.6400146484375
2019-12-03,64.86250305175781,149.30999755859375,309.54998779296875
2019-12-04,65.43499755859375,149.85000610351562,311.4599914550781
2019-12-05,66.3949966430664,149.92999267578125,312.0199890136719
2019-12-06,67.67749786376953,151.75,314.8699951171875
2019-12-09,66.7300033569336,151.36000061035156,313.8800048828125
2019-12-10,67.12000274658203,151.1300048828125,313.5299987792969
2019-12-11,67.69249725341797,151.6999969482422,314.4200134277344
2019-12-12,67.86499786376953,153.24000549316406,317.1300048828125
2019-12-13,68.7874984741211,154.52999877929688,317.32000732421875
2019-12-16,69.96499633789062,155.52999877929688,319.5
2019-12-17,70.10250091552734,154.69000244140625,319.57000732421875
2019-12-18,69.93499755859375,154.3699951171875,319.5899963378906
2019-12-19,70.00499725341797,155.7100067138672,320.8999938964844
2019-12-20,69.86000061035156,157.41000366210938,320.7300109863281
2019-12-23,71.0,157.41000366210938,321.2200012207031
2019-12-24,71.06749725341797,157.3800048828125,321.2300109863281
2019-12-25,,,
2019-12-26,72.47750091552734,158.6699981689453,322.94000244140625
2019-12-27,72.44999694824219,158.9600067138672,322.8599853515625
2019-12-30,72.87999725341797,157.58999633789062,321.0799865722656
2019-12-31,73.4124984741211,157.6999969482422,321.8599853515625
2020-01-01,,,
2020-01-02,75.0875015258789,160.6199951171875,324.8699951171875
2020-01-03,74.35749816894531,158.6199951171875,322.4100036621094
2020-01-06,74.94999694824219,159.02999877929688,323.6400146484375
2020-01-07,74.59750366210938,157.5800018310547,322.7300109863281
2020-01-08,75.79750061035156,160.08999633789062,324.45001220703125
2020-01-09,77.40750122070312,162.08999633789062,326.6499938964844
2020-01-10,77.5824966430664,161.33999633789062,325.7099914550781
2020-01-13,79.23999786376953,163.27999877929688,327.95001220703125
2020-01-14,78.16999816894531,162.1300048828125,327.45001220703125
2020-01-15,77.83499908447266,163.17999267578125,328.19000244140625
2020-01-16,78.80999755859375,166.1699981689453,330.9200134277344
2020-01-17,79.68250274658203,167.10000610351562,331.95001220703125
2020-01-20,,,
2020-01-21,79.14250183105469,166.5,331.29998779296875
2020-01-22,79.42500305175781,165.6999969482422,331.3399963378906
2020-01-23,79.80750274658203,166.72000122070312,331.7200012207031
2020-01-24,79.57749938964844,165.0399932861328,328.7699890136719
2020-01-27,77.23750305175781,162.27999877929688,323.5
2020-01-28,79.42250061035156,165.4600067138672,326.8900146484375
2020-01-29,81.08499908447266,168.0399932861328,326.6199951171875
2020-01-30,80.96749877929688,172.77999877929688,327.67999267578125
2020-01-31,77.37750244140625,170.22999572753906,321.7300109863281
2020-02-03,77.16500091552734,174.3800048828125,324.1199951171875
2020-02-04,79.7125015258789,180.1199951171875,329.05999755859375
2020-02-05,80.36250305175781,179.89999389648438,332.8599853515625
2020-02-06,81.30249786376953,183.6300048828125,333.9800109863281
2020-02-07,80.00749969482422,183.88999938964844,332.20001220703125
2020-02-10,80.38749694824219,188.6999969482422,334.67999267578125
2020-02-11,79.90249633789062,184.44000244140625,335.260009765625
2020-02-12,81.80000305175781,184.7100067138672,337.4200134277344
2020-02-13,81.21749877929688,183.7100067138672,337.05999755859375
2020-02-14,81.23750305175781,185.35000610351562,337.6000061035156
2020-02-17,,,
2020-02-18,79.75,187.22999572753906,336.7300109863281
2020-02-19,80.90499877929688,187.27999877929688,338.3399963378906
2020-02-20,80.07499694824219,184.4199981689453,336.95001220703125
2020-02-21,78.26249694824219,178.58999633789062,333.4800109863281
2020-02-24,74.54499816894531,170.88999938964844,322.4200134277344
2020-02-25,72.0199966430664,168.07000732421875,312.6499938964844
2020-02-26,73.1624984741211,170.1699981689453,311.5
2020-02-27,68.37999725341797,158.17999267578125,297.510009765625
2020-02-28,68.33999633789062,162.00999450683594,296.260009765625
2020-03-02,74.70249938964844,172.7899932861328,309.0899963378906
2020-03-03,72.33000183105469,164.50999450683594,300.239990234375
2020-03-04,75.68499755859375,170.5500030517578,312.8599853515625
2020-03-05,73.2300033569336,166.27000427246094,302.4599914550781
2020-03-06,72.25749969482422,161.57000732421875,297.4599914550781
2020-03-09,66.5425033569336,150.6199951171875,274.2300109863281
2020-03-10,71.33499908447266,160.9199981689453,288.4200134277344
2020-03-11,68.85749816894531,153.6300048828125,274.3599853515625
2020-03-12,62.057498931884766,139.05999755859375,248.11000061035156
2020-03-13,69.49250030517578,158.8300018310547,269.32000732421875
2020-03-16,60.5525016784668,135.4199981689453,239.85000610351562
2020-03-17,63.21500015258789,146.57000732421875,252.8000030517578
2020-03-18,61.66749954223633,140.39999389648438,240.0
2020-03-19,61.19499969482422,142.7100067138672,240.50999450683594
2020-03-20,57.310001373291016,137.35000610351562,228.8000030517578
2020-03-23,56.092498779296875,135.97999572753906,222.9499969482422
2020-03-24,61.720001220703125,148.33999633789062,243.14999389648438
2020-03-25,61.380001068115234,146.9199981689453,246.7899932861328
2020-03-26,64.61000061035156,156.11000061035156,261.20001220703125
2020-03-27,61.935001373291016,149.6999969482422,253.4199981689453
2020-03-30,63.70249938964844,160.22999572753906,261.6499938964844
2020-03-31,63.5724983215332,157.7100067138672,257.75
2020-04-01,60.227500915527344,152.11000061035156,246.14999389648438
2020-04-02,61.23249816894531,155.25999450683594,251.8300018310547
2020-04-03,60.352500915527344,153.8300018310547,248.19000244140625
2020-04-06,65.61750030517578,165.27000427246094,264.8599853515625
2020-04-07,64.85749816894531,163.49000549316406,265.1300048828125
2020-04-08,66.51750183105469,165.1300048828125,274.0299987792969
2020-04-09,66.99749755859375,165.13999938964844,278.20001220703125
2020-04-10,,,
2020-04-13,68.3125,165.50999450683594,275.6600036621094
2020-04-14,71.76249694824219,173.6999969482422,283.7900085449219
2020-04-15,71.10749816894531,171.8800048828125,277.760009765625
2020-04-16,71.67250061035156,177.0399932861328,279.1000061035156
2020-04-17,70.69999694824219,178.60000610351562,286.6400146484375
2020-04-20,69.23249816894531,175.05999755859375,281.5899963378906
2020-04-21,67.09249877929688,167.82000732421875,273.0400085449219
2020-04-22,69.0250015258789,173.52000427246094,279.1000061035156
2020-04-23,68.75749969482422,171.4199981689453,279.0799865722656
2020-04-24,70.74250030517578,174.5500030517578,282.9700012207031
2020-04-27,70.7925033569336,174.0500030517578,287.04998779296875
2020-04-28,69.6449966430664,169.80999755859375,285.7300109863281
2020-04-29,71.93250274658203,177.42999267578125,293.2099914550781
2020-04-30,73.44999694824219,179.2100067138672,290.4800109863281
2020-05-01,72.26750183105469,174.57000732421875,282.7900085449219
2020-05-04,73.29000091552734,178.83999633789062,283.57000732421875
2020-05-05,74.38999938964844,180.75999450683594,286.19000244140625
2020-05-06,75.15750122070312,182.5399932861328,284.25
2020-05-07,75.93499755859375,183.60000610351562,287.67999267578125
2020-05-08,77.53250122070312,184.67999267578125,292.44000244140625
2020-05-11,78.75250244140625,186.74000549316406,292.5
2020-05-12,77.85250091552734,182.50999450683594,286.6700134277344
2020-05-13,76.9124984741211,179.75,281.6000061035156
2020-05-14,77.38500213623047,180.52999877929688,284.9700012207031
2020-05-15,76.92749786376953,183.16000366210938,286.2799987792969
2020-05-18,78.73999786376953,184.91000366210938,295.0
2020-05-19,78.28500366210938,183.6300048828125,291.9700012207031
2020-05-20,79.80750274658203,185.66000366210938,296.92999267578125
2020-05-21,79.2125015258789,183.42999267578125,294.8800048828125
2020-05-22,79.72250366210938,183.50999450683594,295.44000244140625
2020-05-25,,,
2020-05-26,79.18250274658203,181.57000732421875,299.0799865722656
2020-05-27,79.52749633789062,181.80999755859375,303.5299987792969
2020-05-28,79.5625,181.39999389648438,302.9700012207031
2020-05-29,79.48500061035156,183.25,304.32000732421875
2020-06-01,80.4625015258789,182.8300018310547,305.54998779296875
2020-06-02,80.83499908447266,184.91000366210938,308.0799865722656
2020-06-03,81.27999877929688,185.36000061035156,312.17999267578125
2020-06-04,80.58000183105469,182.9199981689453,311.3599853515625
2020-06-05,82.875,187.1999969482422,319.3399963378906
2020-06-08,83.36499786376953,188.36000061035156,323.20001220703125
2020-06-09,85.99749755859375,189.8000030517578,320.7900085449219
2020-06-10,88.20999908447266,196.83999633789062,319.0
2020-06-11,83.9749984741211,186.27000427246094,300.6099853515625
2020-06-12,84.69999694824219,187.74000549316406,304.2099914550781
2020-06-15,85.74749755859375,188.94000244140625,307.04998779296875
2020-06-16,88.0199966430664,193.57000732421875,312.9599914550781
2020-06-17,87.89749908447266,194.24000549316406,311.6600036621094
2020-06-18,87.93250274658203,196.32000732421875,311.7799987792969
2020-06-19,87.43000030517578,195.14999389648438,308.6400146484375
2020-06-22,89.71749877929688,200.57000732421875,310.6199951171875
2020-06-23,91.63249969482422,201.91000366210938,312.04998779296875
2020-06-24,90.01499938964844,197.83999633789062,304.0899963378906
2020-06-25,91.20999908447266,200.33999633789062,307.3500061035156
2020-06-26,88.40750122070312,196.3300018310547,300.04998779296875
2020-06-29,90.44499969482422,198.44000244140625,304.4599914550781
2020-06-30,91.19999694824219,203.50999450683594,308.3599853515625
2020-07-01,91.02749633789062,204.6999969482422,310.5199890136719
2020-07-02,91.02749633789062,206.25999450683594,312.2300109863281
2020-07-03,,,
2020-07-06,93.4625015258789,210.6999969482422,317.04998779296875
2020-07-07,93.17250061035156,208.25,313.7799987792969
2020-07-08,95.34249877929688,212.8300018310547,316.17999267578125
2020-07-09,95.75250244140625,214.32000732421875,314.3800048828125
2020-07-10,95.91999816894531,213.6699981689453,317.5899963378906
2020-07-13,95.47750091552734,207.07000732421875,314.8399963378906
2020-07-14,97.05750274658203,208.35000610351562,318.9200134277344
2020-07-15,97.7249984741211,208.0399932861328,321.8500061035156
2020-07-16,96.52249908447266,203.9199981689453,320.7900085449219
2020-07-17,96.32749938964844,202.8800048828125,321.7200012207031
2020-07-20,98.35749816894531,211.60000610351562,324.32000732421875
2020-07-21,97.0,208.75,325.010009765625
2020-07-22,97.27249908447266,211.75,326.8599853515625
2020-07-23,92.84500122070312,202.5399932861328,322.9599914550781
2020-07-24,92.61499786376953,201.3000030517578,320.8800048828125
2020-07-27,94.80999755859375,203.85000610351562,323.2200012207031
2020-07-28,93.25250244140625,202.02000427246094,321.1700134277344
2020-07-29,95.04000091552734,204.05999755859375,325.1199951171875
2020-07-30,96.19000244140625,203.89999389648438,323.9599914550781
2020-07-31,106.26000213623047,205.00999450683594,326.5199890136719
2020-08-03,108.9375,216.5399932861328,328.7900085449219
2020-08-04,109.66500091552734,213.2899932861328,330.05999755859375
2020-08-05,110.0625,212.94000244140625,332.1099853515625
2020-08-06,113.90249633789062,216.35000610351562,334.3299865722656
2020-08-07,111.11250305175781,212.47999572753906,334.57000732421875
2020-08-10,112.72750091552734,208.25,335.57000732421875
2020-08-11,109.375,203.3800048828125,332.79998779296875
2020-08-12,113.01000213623047,209.19000244140625,337.44000244140625
2020-08-13,115.01000213623047,208.6999969482422,336.8299865722656
2020-08-14,114.90750122070312,208.89999389648438,336.8399963378906
2020-08-17,114.60749816894531,210.27999877929688,337.9100036621094
2020-08-18,115.5625,211.49000549316406,338.6400146484375
2020-08-19,115.7074966430664,209.6999969482422,337.2300109863281
2020-08-20,118.2750015258789,214.5800018310547,338.2799987792969
2020-08-21,124.37000274658203,213.02000427246094,339.4800109863281
2020-08-24,125.85749816894531,213.69000244140625,342.9200134277344
2020-08-25,124.82499694824219,216.47000122070312,344.1199951171875
2020-08-26,126.52249908447266,221.14999389648438,347.57000732421875
2020-08-27,125.01000213623047,226.5800018310547,348.3299865722656
2020-08-28,124.80750274658203,228.91000366210938,350.5799865722656
2020-08-31,129.0399932861328,225.52999877929688,349.30999755859375
2020-09-01,134.17999267578125,227.27000427246094,352.6000061035156
2020-09-02,131.39999389648438,231.64999389648438,357.70001220703125
2020-09-03,120.87999725341797,217.3000030517578,345.3900146484375
2020-09-04,120.95999908447266,214.25,342.57000732421875
2020-09-07,,,
2020-09-08,112.81999969482422,202.66000366210938,333.2099914550781
2020-09-09,117.31999969482422,211.2899932861328,339.7900085449219
2020-09-10,113.48999786376953,205.3699951171875,333.8900146484375
2020-09-11,112.0,204.02999877929688,334.05999755859375
2020-09-14,115.36000061035156,205.41000366210938,338.4599914550781
2020-09-15,115.54000091552734,208.77999877929688,340.1700134277344
2020-09-16,112.12999725341797,205.0500030517578,338.82000732421875
2020-09-17,110.33999633789062,202.91000366210938,335.8399963378906
2020-09-18,106.83999633789062,200.38999938964844,330.6499938964844
2020-09-21,110.08000183105469,202.5399932861328,326.9700012207031
2020-09-22,111.80999755859375,207.4199981689453,330.29998779296875
2020-09-23,107.12000274658203,200.58999633789062,322.6400146484375
2020-09-24,108.22000122070312,203.19000244140625,323.5
2020-09-25,112.27999877929688,207.82000732421875,328.7300109863281
2020-09-28,114.95999908447266,209.44000244140625,334.19000244140625
2020-09-29,114.08999633789062,207.25999450683594,332.3699951171875
2020-09-30,115.80999755859375,210.3300018310547,334.8900146484375
2020-10-01,116.79000091552734,212.4600067138672,337.0400085449219
2020-10-02,113.0199966430664,206.19000244140625,333.8399963378906
2020-10-05,116.5,210.3800048828125,339.760009765625
2020-10-06,113.16000366210938,205.91000366210938,334.92999267578125
2020-10-07,115.08000183105469,209.8300018310547,340.760009765625
2020-10-08,114.97000122070312,210.5800018310547,343.7799987792969
2020-10-09,116.97000122070312,215.80999755859375,346.8500061035156
2020-10-12,124.4000015258789,221.39999389648438,352.42999267578125
2020-10-13,121.0999984741211,222.86000061035156,350.1300048828125
2020-10-14,121.19000244140625,220.86000061035156,347.92999267578125
2020-10-15,120.70999908447266,219.66000366210938,347.5
2020-10-16,119.0199966430664,219.66000366210938,347.2900085449219
2020-10-19,115.9800033569336,214.22000122070312,342.010009765625
2020-10-20,117.51000213623047,214.64999389648438,343.3800048828125
2020-10-21,116.87000274658203,214.8000030517578,342.7300109863281
2020-10-22,115.75,214.88999938964844,344.6099853515625
2020-10-23,115.04000091552734,216.22999572753906,345.7799987792969
2020-10-26,115.05000305175781,210.0800018310547,339.3900146484375
2020-10-27,116.5999984741211,213.25,338.2200012207031
2020-10-28,111.19999694824219,202.67999267578125,326.6600036621094
2020-10-29,115.31999969482422,204.72000122070312,329.9800109863281
2020-10-30,108.86000061035156,202.47000122070312,326.5400085449219
2020-11-02,108.7699966430664,202.3300018310547,330.20001220703125
2020-11-03,110.44000244140625,206.42999267578125,336.0299987792969
2020-11-04,114.94999694824219,216.38999938964844,343.5400085449219
2020-11-05,119.02999877929688,223.2899932861328,350.239990234375
2020-11-06,118.69000244140625,223.72000122070312,350.1600036621094
2020-11-09,116.31999969482422,218.38999938964844,354.55999755859375
2020-11-10,115.97000122070312,211.00999450683594,354.0400085449219
2020-11-11,119.48999786376953,216.5500030517578,356.6700134277344
2020-11-12,119.20999908447266,215.44000244140625,353.2099914550781
2020-11-13,119.26000213623047,216.50999450683594,358.1000061035156
2020-11-16,120.30000305175781,217.22999572753906,362.57000732421875
2020-11-17,119.38999938964844,214.4600067138672,360.6199951171875
2020-11-18,118.02999877929688,211.0800018310547,356.2799987792969
2020-11-19,118.63999938964844,212.4199981689453,357.7799987792969
2020-11-20,117.33999633789062,210.38999938964844,355.3299865722656
2020-11-23,113.8499984741211,210.11000061035156,357.4599914550781
2020-11-24,115.16999816894531,213.86000061035156,363.2200012207031
2020-11-25,116.02999877929688,213.8699951171875,362.6600036621094
2020-11-26,,,
2020-11-27,116.58999633789062,215.22999572753906,363.6700134277344
2020-11-30,119.05000305175781,214.07000732421875,362.05999755859375
2020-12-01,122.72000122070312,216.2100067138672,366.0199890136719
2020-12-02,123.08000183105469,215.3699951171875,366.7900085449219
2020-12-03,122.94000244140625,214.24000549316406,366.69000244140625
2020-12-04,122.25,214.36000061035156,369.8500061035156
2020-12-07,123.75,214.2899932861328,369.0899963378906
2020-12-08,124.37999725341797,216.00999450683594,370.1700134277344
2020-12-09,121.77999877929688,211.8000030517578,366.8500061035156
2020-12-10,123.23999786376953,210.52000427246094,366.7300109863281
2020-12-11,122.41000366210938,213.25999450683594,366.29998779296875
2020-12-14,121.77999877929688,214.1999969482422,364.6600036621094
2020-12-15,127.87999725341797,214.1300048828125,369.5899963378906
2020-12-16,127.80999755859375,219.27999877929688,370.1700134277344
2020-12-17,128.6999969482422,219.4199981689453,372.239990234375
2020-12-18,126.66000366210938,218.58999633789062,369.17999267578125
2020-12-21,128.22999572753906,222.58999633789062,367.8599853515625
2020-12-22,131.8800048828125,223.94000244140625,367.239990234375
2020-12-23,130.9600067138672,221.02000427246094,367.57000732421875
2020-12-24,131.97000122070312,222.75,369.0
2020-12-25,,,
2020-12-28,136.69000244140625,224.9600067138672,372.1700134277344
2020-12-29,134.8699951171875,224.14999389648438,371.4599914550781
2020-12-30,133.72000122070312,221.67999267578125,371.989990234375
2020-12-31,132.69000244140625,222.4199981689453,373.8800048828125
2021-01-01,,,
2021-01-04,129.41000366210938,217.69000244140625,368.7900085449219
2021-01-05,131.00999450683594,217.89999389648438,371.3299865722656
2021-01-06,126.5999984741211,212.25,373.54998779296875
2021-01-07,130.9199981689453,218.2899932861328,379.1000061035156
2021-01-08,132.0500030517578,219.6199951171875,381.260009765625
2021-01-11,128.97999572753906,217.49000549316406,378.69000244140625
2021-01-12,128.8000030517578,214.92999267578125,378.7699890136719
2021-01-13,130.88999938964844,216.33999633789062,379.7900085449219
2021-01-14,128.91000366210938,213.02000427246094,378.4599914550781
2021-01-15,127.13999938964844,212.64999389648438,375.70001220703125
2021-01-18,,,
2021-01-19,127.83000183105469,216.44000244140625,378.6499938964844
2021-01-20,132.02999877929688,224.33999633789062,383.8900146484375
2021-01-21,136.8699951171875,224.97000122070312,384.239990234375
2021-01-22,139.07000732421875,225.9499969482422,382.8800048828125
2021-01-25,142.9199981689453,229.52999877929688,384.3900146484375
2021-01-26,143.16000366210938,232.3300018310547,383.7900085449219
2021-01-27,142.05999755859375,232.89999389648438,374.4100036621094
2021-01-28,137.08999633789062,238.92999267578125,377.6300048828125
2021-01-29,131.9600067138672,231.9600067138672,370.07000732421875
2021-02-01,134.13999938964844,239.64999389648438,376.2300109863281
2021-02-02,134.99000549316406,239.50999450683594,381.54998779296875
2021-02-03,133.94000244140625,243.0,381.8500061035156
2021-02-04,137.38999938964844,242.00999450683594,386.19000244140625
2021-02-05,136.75999450683594,242.1999969482422,387.7099914550781
2021-02-08,136.91000366210938,242.47000122070312,390.510009765625
2021-02-09,136.00999450683594,243.77000427246094,390.25
2021-02-10,135.38999938964844,242.82000732421875,390.0799865722656
2021-02-11,135.1300048828125,244.49000549316406,390.7099914550781
2021-02-12,135.3699951171875,244.99000549316406,392.6400146484375
2021-02-15,,,
2021-02-16,133.19000244140625,243.6999969482422,392.29998779296875
2021-02-17,130.83999633789062,244.1999969482422,392.3900146484375
2021-02-18,129.7100067138672,243.7899932861328,390.7200012207031
2021-02-19,129.8699951171875,240.97000122070312,390.0299987792969
2021-02-22,126.0,234.50999450683594,387.0299987792969
2021-02-23,125.86000061035156,233.27000427246094,387.5
2021-02-24,125.3499984741211,234.5500030517578,391.7699890136719
2021-02-25,120.98999786376953,228.99000549316406,382.3299865722656
2021-02-26,121.26000213623047,232.3800048828125,380.3599853515625
2021-03-01,127.79000091552734,236.94000244140625,389.5799865722656
2021-03-02,125.12000274658203,233.8699951171875,386.5400085449219
2021-03-03,122.05999755859375,227.55999755859375,381.4200134277344
2021-03-04,120.12999725341797,226.72999572753906,376.70001220703125
2021-03-05,121.41999816894531,231.60000610351562,383.6300048828125
2021-03-08,116.36000061035156,227.38999938964844,381.7200012207031
2021-03-09,121.08999633789062,233.77999877929688,387.1700134277344
2021-03-10,119.9800033569336,232.4199981689453,389.5799865722656
2021-03-11,121.95999908447266,237.1300048828125,393.5299987792969
2021-03-12,121.02999877929688,235.75,394.05999755859375
2021-03-15,123.98999786376953,234.80999755859375,396.4100036621094
2021-03-16,125.56999969482422,237.7100067138672,395.9100036621094
2021-03-17,124.76000213623047,237.0399932861328,397.260009765625
2021-03-18,120.52999877929688,230.72000122070312,391.4800109863281
2021-03-19,119.98999786376953,230.35000610351562,389.4800109863281
2021-03-22,123.38999938964844,235.99000549316406,392.5899963378906
2021-03-23,122.54000091552734,237.5800018310547,389.5
2021-03-24,120.08999633789062,235.4600067138672,387.5199890136719
2021-03-25,120.58999633789062,232.33999633789062,389.70001220703125
2021-03-26,121.20999908447266,236.47999572753906,395.9800109863281
2021-03-29,121.38999938964844,235.24000549316406,395.7799987792969
2021-03-30,119.9000015258789,231.85000610351562,394.7300109863281
2021-03-31,122.1500015258789,235.77000427246094,396.3299865722656
2021-04-01,123.0,242.35000610351562,400.6099853515625
2021-04-02,,,
2021-04-05,125.9000015258789,249.07000732421875,406.3599853515625
2021-04-06,126.20999908447266,247.86000061035156,406.1199951171875
2021-04-07,127.9000015258789,249.89999389648438,406.5899963378906
2021-04-08,130.36000061035156,253.25,408.5199890136719
2021-04-09,133.0,255.85000610351562,411.489990234375
2021-04-12,131.24000549316406,255.91000366210938,411.6400146484375
2021-04-13,134.42999267578125,258.489990234375,412.8599853515625
2021-04-14,132.02999877929688,255.58999633789062,411.45001220703125
2021-04-15,134.5,259.5,415.8699951171875
2021-04-16,134.16000366210938,260.739990234375,417.260009765625
2021-04-19,134.83999633789062,258.739990234375,415.2099914550781
2021-04-20,133.11000061035156,258.260009765625,412.1700134277344
2021-04-21,133.5,260.5799865722656,416.07000732421875
2021-04-22,131.94000244140625,257.1700134277344,412.2699890136719
2021-04-23,134.32000732421875,261.1499938964844,416.739990234375
2021-04-26,134.72000122070312,261.54998779296875,417.6099853515625
2021-04-27,134.38999938964844,261.9700012207031,417.5199890136719
2021-04-28,133.5800018310547,254.55999755859375,417.3999938964844
2021-04-29,133.47999572753906,252.50999450683594,420.05999755859375
2021-04-30,131.4600067138672,252.17999267578125,417.29998779296875
2021-05-03,132.5399932861328,251.86000061035156,418.20001220703125
2021-05-04,127.8499984741211,247.7899932861328,415.6199951171875
2021-05-05,128.10000610351562,246.47000122070312,415.75
2021-05-06,129.74000549316406,249.72999572753906,419.07000732421875
2021-05-07,130.2100067138672,252.4600067138672,422.1199951171875
2021-05-10,126.8499984741211,247.17999267578125,417.94000244140625
2021-05-11,125.91000366210938,246.22999572753906,414.2099914550781
2021-05-12,122.7699966430664,239.0,405.4100036621094
2021-05-13,124.97000122070312,243.02999877929688,410.2799987792969
2021-05-14,127.44999694824219,248.14999389648438,416.5799865722656
2021-05-17,126.2699966430664,245.17999267578125,415.5199890136719
2021-05-18,124.8499984741211,243.0800018310547,411.94000244140625
2021-05-19,124.69000244140625,243.1199951171875,410.8599853515625
2021-05-20,127.30999755859375,246.47999572753906,415.2799987792969
2021-05-21,125.43000030517578,245.1699981689453,414.94000244140625
2021-05-24,127.0999984741211,250.77999877929688,419.1700134277344
2021-05-25,126.9000015258789,251.72000122070312,418.239990234375
2021-05-26,126.8499984741211,251.49000549316406,419.07000732421875
2021-05-27,125.27999877929688,249.30999755859375,419.2900085449219
2021-05-28,124.61000061035156,249.67999267578125,420.0400085449219
2021-05-31,,,
2021-06-01,124.27999877929688,247.39999389648438,419.6700134277344
2021-06-02,125.05999755859375,247.3000030517578,420.3299865722656
2021-06-03,123.54000091552734,245.7100067138672,418.7699890136719
2021-06-04,125.88999938964844,250.7899932861328,422.6000061035156
2021-06-07,125.9000015258789,253.80999755859375,422.19000244140625
2021-06-08,126.73999786376953,252.57000732421875,422.2799987792969
2021-06-09,127.12999725341797,253.58999633789062,421.6499938964844
2021-06-10,126.11000061035156,257.239990234375,423.6099853515625
2021-06-11,127.3499984741211,257.8900146484375,424.30999755859375
2021-06-14,130.47999572753906,259.8900146484375,425.260009765625
2021-06-15,129.63999938964844,258.3599853515625,424.4800109863281
2021-06-16,130.14999389648438,257.3800048828125,422.1099853515625
2021-06-17,131.7899932861328,260.8999938964844,421.9700012207031
2021-06-18,130.4600067138672,259.42999267578125,414.9200134277344
2021-06-21,132.3000030517578,262.6300048828125,420.8599853515625
2021-06-22,133.97999572753906,265.510009765625,423.1099853515625
2021-06-23,133.6999969482422,265.2699890136719,422.6000061035156
2021-06-24,133.41000366210938,266.69000244140625,425.1000061035156
2021-06-25,133.11000061035156,265.0199890136719,426.6099853515625
2021-06-28,134.77999877929688,268.7200012207031,427.4700012207031
2021-06-29,136.3300018310547,271.3999938964844,427.70001220703125
2021-06-30,136.9600067138672,270.8999938964844,428.05999755859375
2021-07-01,137.27000427246094,271.6000061035156,430.42999267578125
2021-07-02,139.9600067138672,277.6499938964844,433.7200012207031
2021-07-05,,,
2021-07-06,142.02000427246094,277.6600036621094,432.92999267578125
2021-07-07,144.57000732421875,279.92999267578125,434.4599914550781
2021-07-08,143.24000549316406,277.4200134277344,430.9200134277344
2021-07-09,145.11000061035156,277.94000244140625,435.5199890136719
2021-07-12,144.5,277.32000732421875,437.0799865722656
2021-07-13,145.63999938964844,280.9800109863281,435.5899963378906
2021-07-14,149.14999389648438,282.510009765625,436.239990234375
2021-07-15,148.47999572753906,281.0299987792969,434.75
2021-07-16,146.38999938964844,280.75,431.3399963378906
2021-07-19,142.4499969482422,277.010009765625,424.9700012207031
2021-07-20,146.14999389648438,279.32000732421875,431.05999755859375
2021-07-21,145.39999389648438,281.3999938964844,434.54998779296875
2021-07-22,146.8000030517578,286.1400146484375,435.4599914550781
2021-07-23,148.55999755859375,289.6700134277344,439.94000244140625
2021-07-26,148.99000549316406,289.04998779296875,441.0199890136719
2021-07-27,146.77000427246094,286.5400085449219,439.010009765625
2021-07-28,144.97999572753906,286.2200012207031,438.8299865722656
2021-07-29,145.63999938964844,286.5,440.6499938964844
2021-07-30,145.86000061035156,284.9100036621094,438.510009765625
2021-08-02,145.52000427246094,284.82000732421875,437.5899963378906
2021-08-03,147.36000061035156,287.1199951171875,441.1499938964844
2021-08-04,146.9499969482422,286.510009765625,438.9800109863281
2021-08-05,147.05999755859375,289.5199890136719,441.760009765625
2021-08-06,146.13999938964844,289.4599914550781,442.489990234375
2021-08-09,146.08999633789062,288.3299865722656,442.1300048828125
2021-08-10,145.60000610351562,286.44000244140625,442.67999267578125
2021-08-11,145.86000061035156,286.95001220703125,443.7799987792969
2021-08-12,148.88999938964844,289.80999755859375,445.1099853515625
2021-08-13,149.10000610351562,292.8500061035156,445.9200134277344
2021-08-16,151.1199951171875,294.6000061035156,446.9700012207031
2021-08-17,150.19000244140625,293.0799865722656,444.0400085449219
2021-08-18,146.36000061035156,290.7300109863281,439.17999267578125
2021-08-19,146.6999969482422,296.7699890136719,439.8599853515625
2021-08-20,148.19000244140625,304.3599853515625,443.3599853515625
2021-08-23,149.7100067138672,304.6499938964844,447.260009765625
2021-08-24,149.6199951171875,302.6199951171875,447.9700012207031
2021-08-25,148.36000061035156,302.010009765625,448.9100036621094
2021-08-26,147.5399932861328,299.0899963378906,446.260009765625
2021-08-27,148.60000610351562,299.7200012207031,450.25
2021-08-30,153.1199951171875,303.5899963378906,452.2300109863281
2021-08-31,151.8300018310547,301.8800048828125,451.55999755859375
2021-09-01,152.50999450683594,301.8299865722656,451.79998779296875
2021-09-02,153.64999389648438,301.1499938964844,453.19000244140625
2021-09-03,154.3000030517578,301.1400146484375,453.0799865722656
2021-09-06,,,
2021-09-07,156.69000244140625,300.17999267578125,451.4599914550781
2021-09-08,155.11000061035156,300.2099914550781,450.9100036621094
2021-09-09,154.07000732421875,297.25,448.9800109863281
2021-09-10,148.97000122070312,295.7099914550781,445.44000244140625
2021-09-13,149.5500030517578,296.989990234375,446.5799865722656
2021-09-14,148.1199951171875,299.7900085449219,444.1700134277344
2021-09-15,149.02999877929688,304.82000732421875,447.8800048828125
2021-09-16,148.7899932861328,305.2200012207031,447.1700134277344
2021-09-17,146.05999755859375,299.8699951171875,441.3999938964844
2021-09-20,142.94000244140625,294.29998779296875,434.0400085449219
2021-09-21,143.42999267578125,294.79998779296875,433.6300048828125
2021-09-22,145.85000610351562,298.5799865722656,437.8599853515625
2021-09-23,146.8300018310547,299.55999755859375,443.17999267578125
2021-09-24,146.9199981689453,299.3500061035156,443.9100036621094
2021-09-27,145.3699951171875,294.1700134277344,442.6400146484375
2021-09-28,141.91000366210938,283.5199890136719,433.7200012207031
2021-09-29,142.8300018310547,284.0,434.45001220703125
2021-09-30,141.5,281.9200134277344,429.1400146484375
2021-10-01,142.64999389648438,289.1000061035156,434.239990234375
2021-10-04,139.13999938964844,283.1099853515625,428.6400146484375
2021-10-05,141.11000061035156,288.760009765625,433.1000061035156
2021-10-06,142.0,293.1099853515625,434.8999938964844
2021-10-07,143.2899932861328,294.8500061035156,438.6600036621094
2021-10-08,142.89999389648438,294.8500061035156,437.8599853515625
2021-10-11,142.80999755859375,294.2300109863281,434.69000244140625
2021-10-12,141.50999450683594,292.8800048828125,433.6199951171875
2021-10-13,140.91000366210938,296.30999755859375,435.17999267578125
2021-10-14,143.75999450683594,302.75,442.5
2021-10-15,144.83999633789062,304.2099914550781,445.8699951171875
2021-10-18,146.5500030517578,307.2900085449219,447.19000244140625
2021-10-19,148.75999450683594,308.2300109863281,450.6400146484375
2021-10-20,149.25999450683594,307.4100036621094,452.4100036621094
2021-10-21,149.47999572753906,310.760009765625,453.5899963378906
2021-10-22,148.69000244140625,309.1600036621094,453.1199951171875
2021-10-25,148.63999938964844,308.1300048828125,455.54998779296875
2021-10-26,149.32000732421875,310.1099853515625,455.9599914550781
2021-10-27,148.85000610351562,323.1700134277344,453.94000244140625
2021-10-28,152.57000732421875,324.3500061035156,458.32000732421875
2021-10-29,149.8000030517578,331.6199951171875,459.25
2021-11-01,148.9600067138672,329.3699951171875,460.0400085449219
2021-11-02,150.02000427246094,333.1300048828125,461.8999938964844
2021-11-03,151.49000549316406,334.0,464.7200012207031
2021-11-04,150.9600067138672,336.44000244140625,466.9100036621094
2021-11-05,151.27999877929688,336.05999755859375,468.5299987792969
2021-11-08,150.44000244140625,336.989990234375,468.92999267578125
2021-11-09,150.80999755859375,335.95001220703125,467.3800048828125
2021-11-10,147.9199981689453,330.79998779296875,463.6199951171875
2021-11-11,147.8699951171875,332.42999267578125,463.7699890136719
2021-11-12,149.99000549316406,336.7200012207031,467.2699890136719
2021-11-15,150.0,336.07000732421875,467.42999267578125
2021-11-16,151.0,339.510009765625,469.2799987792969
2021-11-17,153.49000549316406,339.1199951171875,468.1400146484375
2021-11-18,157.8699951171875,341.2699890136719,469.7300109863281
2021-11-19,160.5500030517578,343.1099853515625,468.8900146484375
2021-11-22,161.02000427246094,339.8299865722656,467.57000732421875
2021-11-23,161.41000366210938,337.67999267578125,468.19000244140625
2021-11-24,161.94000244140625,337.9100036621094,469.44000244140625
2021-11-25,,,
2021-11-26,156.80999755859375,329.67999267578125,458.9700012207031
2021-11-29,160.24000549316406,336.6300048828125,464.6000061035156
2021-11-30,165.3000030517578,330.5899963378906,455.55999755859375
2021-12-01,164.77000427246094,330.0799865722656,450.5
2021-12-02,163.75999450683594,329.489990234375,457.3999938964844
2021-12-03,161.83999633789062,323.010009765625,453.4200134277344
2021-12-06,165.32000732421875,326.19000244140625,458.7900085449219
2021-12-07,171.17999267578125,334.9200134277344,468.2799987792969
2021-12-08,175.0800018310547,334.9700012207031,469.5199890136719
2021-12-09,174.55999755859375,333.1000061035156,466.3500061035156
2021-12-10,179.4499969482422,342.5400085449219,470.739990234375
2021-12-13,175.74000549316406,339.3999938964844,466.57000732421875
2021-12-14,174.3300018310547,328.3399963378906,463.3599853515625
2021-12-15,179.3000030517578,334.6499938964844,470.6000061035156
2021-12-16,172.25999450683594,324.8999938964844,466.45001220703125
2021-12-17,171.13999938964844,323.79998779296875,459.8699951171875
2021-12-20,169.75,319.9100036621094,454.9800109863281
2021-12-21,172.99000549316406,327.2900085449219,463.05999755859375
2021-12-22,175.63999938964844,333.20001220703125,467.69000244140625
2021-12-23,176.27999877929688,334.69000244140625,470.6000061035156
2021-12-24,,,
2021-12-27,180.3300018310547,342.45001220703125,477.260009765625
2021-12-28,179.2899932861328,341.25,476.8699951171875
2021-12-29,179.3800048828125,341.95001220703125,477.4800109863281
2021-12-30,178.1999969482422,339.32000732421875,476.1600036621094
2021-12-31,177.57000732421875,336.32000732421875,474.9599914550781
2022-01-03,182.00999450683594,334.75,477.7099914550781
2022-01-04,179.6999969482422,329.010009765625,477.54998779296875
2022-01-05,174.9199981689453,316.3800048828125,468.3800048828125
2022-01-06,172.0,313.8800048828125,467.94000244140625
2022-01-07,172.1699981689453,314.0400085449219,466.0899963378906
2022-01-10,172.19000244140625,314.2699890136719,465.510009765625
2022-01-11,175.0800018310547,314.9800109863281,469.75
2022-01-12,175.52999877929688,318.2699890136719,471.0199890136719
2022-01-13,172.19000244140625,304.79998779296875,464.5299987792969
2022-01-14,173.07000732421875,310.20001220703125,464.7200012207031
2022-01-17,,,
2022-01-18,169.8000030517578,302.6499938964844,456.489990234375
2022-01-19,166.22999572753906,303.3299865722656,451.75
2022-01-20,164.50999450683594,301.6000061035156,446.75
2022-01-21,162.41000366210938,296.0299987792969,437.9800109863281
2022-01-24,161.6199951171875,296.3699951171875,439.8399963378906
2022-01-25,159.77999877929688,288.489990234375,434.4700012207031
2022-01-26,159.69000244140625,296.7099914550781,433.3800048828125
2022-01-27,159.22000122070312,299.8399963378906,431.239990234375
2022-01-28,170.3300018310547,308.260009765625,441.95001220703125
2022-01-31,174.77999877929688,310.9800109863281,449.9100036621094
2022-02-01,174.61000061035156,308.760009765625,452.95001220703125
2022-02-02,175.83999633789062,313.4599914550781,457.3500061035156
2022-02-03,172.89999389648438,301.25,446.6000061035156
2022-02-04,172.38999938964844,305.94000244140625,448.70001220703125
2022-02-07,171.66000366210938,300.95001220703125,447.260009765625
2022-02-08,174.8300018310547,304.55999755859375,450.94000244140625
2022-02-09,176.27999877929688,311.2099914550781,457.5400085449219
2022-02-10,172.1199951171875,302.3800048828125,449.32000732421875
2022-02-11,168.63999938964844,295.0400085449219,440.4599914550781
2022-02-14,168.8800048828125,295.0,439.0199890136719
2022-02-15,172.7899932861328,300.4700012207031,446.1000061035156
2022-02-16,172.5500030517578,299.5,446.6000061035156
2022-02-17,168.8800048828125,290.7300109863281,437.05999755859375
2022-02-18,167.3000030517578,287.92999267578125,434.2300109863281
2022-02-21,,,
2022-02-22,164.32000732421875,287.7200012207031,429.57000732421875
2022-02-23,160.07000732421875,280.2699890136719,421.95001220703125
2022-02-24,162.74000549316406,294.5899963378906,428.29998779296875
2022-02-25,164.85000610351562,297.30999755859375,437.75
2022-02-28,165.1199951171875,298.7900085449219,436.6300048828125
2022-03-01,163.1999969482422,294.95001220703125,429.9800109863281
2022-03-02,166.55999755859375,300.19000244140625,437.8900146484375
2022-03-03,166.22999572753906,295.9200134277344,435.7099914550781
2022-03-04,163.1699981689453,289.8599853515625,432.1700134277344
2022-03-07,159.3000030517578,278.9100036621094,419.42999267578125
2022-03-08,157.44000244140625,275.8500061035156,416.25
2022-03-09,162.9499969482422,288.5,427.4100036621094
2022-03-10,158.52000427246094,285.5899963378906,425.4800109863281
2022-03-11,154.72999572753906,280.07000732421875,420.07000732421875
2022-03-14,150.6199951171875,276.44000244140625,417.0
2022-03-15,155.08999633789062,287.1499938964844,426.1700134277344
2022-03-16,159.58999633789062,294.3900146484375,435.6199951171875
2022-03-17,160.6199951171875,295.2200012207031,441.07000732421875
2022-03-18,163.97999572753906,300.42999267578125,444.5199890136719
2022-03-21,165.3800048828125,299.1600036621094,444.3900146484375
2022-03-22,168.82000732421875,304.05999755859375,449.5899963378906
2022-03-23,170.2100067138672,299.489990234375,443.79998779296875
2022-03-24,174.07000732421875,304.1000061035156,450.489990234375
2022-03-25,174.72000122070312,303.67999267578125,452.69000244140625
2022-03-28,175.60000610351562,310.70001220703125,455.9100036621094
2022-03-29,178.9600067138672,315.4100036621094,461.54998779296875
2022-03-30,177.77000427246094,313.8599853515625,458.70001220703125
2022-03-31,174.61000061035156,308.30999755859375,451.6400146484375
2022-04-01,174.30999755859375,309.4200134277344,452.9200134277344
2022-04-04,178.44000244140625,314.9700012207031,456.79998779296875
2022-04-05,175.05999755859375,310.8800048828125,451.0299987792969
2022-04-06,171.8300018310547,299.5,446.5199890136719
2022-04-07,172.13999938964844,301.3699951171875,448.7699890136719
2022-04-08,170.08999633789062,296.9700012207031,447.57000732421875
2022-04-11,165.75,285.260009765625,439.9200134277344
2022-04-12,167.66000366210938,282.05999755859375,438.2900085449219
2022-04-13,170.39999389648438,287.6199951171875,443.30999755859375
2022-04-14,165.2899932861328,279.8299865722656,437.7900085449219
2022-04-15,,,
2022-04-18,165.07000732421875,280.5199890136719,437.9700012207031
2022-04-19,167.39999389648438,285.29998779296875,445.0400085449219
2022-04-20,167.22999572753906,286.3599853515625,444.7099914550781
2022-04-21,166.4199981689453,280.80999755859375,438.05999755859375
2022-04-22,161.7899932861328,274.0299987792969,426.0400085449219
2022-04-25,162.8800048828125,280.7200012207031,428.510009765625
2022-04-26,156.8000030517578,270.2200012207031,416.1000061035156
2022-04-27,156.57000732421875,283.2200012207031,417.2699890136719
2022-04-28,163.63999938964844,289.6300048828125,427.80999755859375
2022-04-29,157.64999389648438,277.5199890136719,412.0
2022-05-02,157.9600067138672,284.4700012207031,414.4800109863281
2022-05-03,159.47999572753906,281.7799987792969,416.3800048828125
2022-05-04,166.02000427246094,289.9800109863281,429.05999755859375
2022-05-05,156.77000427246094,277.3500061035156,413.80999755859375
2022-05-06,157.27999877929688,274.7300109863281,411.3399963378906
2022-05-09,152.05999755859375,264.5799865722656,398.1700134277344
2022-05-10,154.50999450683594,269.5,399.0899963378906
2022-05-11,146.5,260.54998779296875,392.75
2022-05-12,142.55999755859375,255.35000610351562,392.3399963378906
2022-05-13,147.11000061035156,261.1199951171875,401.7200012207031
2022-05-16,145.5399932861328,261.5,400.0899963378906
2022-05-17,149.24000549316406,266.82000732421875,408.32000732421875
2022-05-18,140.82000732421875,254.0800018310547,391.8599853515625
2022-05-19,137.35000610351562,253.13999938964844,389.4599914550781
2022-05-20,137.58999633789062,252.55999755859375,389.6300048828125
2022-05-23,143.11000061035156,260.6499938964844,396.9200134277344
2022-05-24,140.36000061035156,259.6199951171875,393.8900146484375
2022-05-25,140.52000427246094,262.5199890136719,397.3699951171875
2022-05-26,143.77999877929688,265.8999938964844,405.30999755859375
2022-05-27,149.63999938964844,273.239990234375,415.260009765625
2022-05-30,,,
2022-05-31,148.83999633789062,271.8699951171875,412.92999267578125
2022-06-01,148.7100067138672,272.4200134277344,409.5899963378906
2022-06-02,151.2100067138672,274.5799865722656,417.3900146484375
2022-06-03,145.3800048828125,270.0199890136719,410.5400085449219
2022-06-06,146.13999938964844,268.75,411.7900085449219
2022-06-07,148.7100067138672,272.5,415.739990234375
2022-06-08,147.9600067138672,270.4100036621094,411.2200012207031
2022-06-09,142.63999938964844,264.7900085449219,401.44000244140625
2022-06-10,137.1300048828125,252.99000549316406,389.79998779296875
2022-06-13,131.8800048828125,242.25999450683594,375.0
2022-06-14,132.75999450683594,244.49000549316406,373.8699951171875
2022-06-15,135.42999267578125,251.75999450683594,379.20001220703125
2022-06-16,130.05999755859375,244.97000122070312,366.6499938964844
2022-06-17,131.55999755859375,247.64999389648438,365.8599853515625
2022-06-20,,,
2022-06-21,135.8699951171875,253.74000549316406,375.07000732421875
2022-06-22,135.35000610351562,253.1300048828125,374.3900146484375
2022-06-23,138.27000427246094,258.8599853515625,378.05999755859375
2022-06-24,141.66000366210938,267.70001220703125,390.0799865722656
2022-06-27,141.66000366210938,264.8900146484375,388.5899963378906
2022-06-28,137.44000244140625,256.4800109863281,380.6499938964844
2022-06-29,139.22999572753906,260.260009765625,380.3399963378906
2022-06-30,136.72000122070312,256.8299865722656,377.25
2022-07-01,138.92999267578125,259.5799865722656,381.239990234375
2022-07-04,,,
2022-07-05,141.55999755859375,262.8500061035156,381.9599914550781
2022-07-06,142.9199981689453,266.2099914550781,383.25
2022-07-07,146.35000610351562,268.3999938964844,388.989990234375
2022-07-08,147.0399932861328,267.6600036621094,388.6700134277344
2022-07-11,144.8699951171875,264.510009765625,384.2300109863281
2022-07-12,145.86000061035156,253.6699981689453,380.8299865722656
2022-07-13,145.49000549316406,252.72000122070312,378.8299865722656
2022-07-14,148.47000122070312,254.0800018310547,377.9100036621094
2022-07-15,150.1699981689453,256.7200012207031,385.1300048828125
2022-07-18,147.07000732421875,254.25,381.95001220703125
2022-07-19,151.0,259.5299987792969,392.2699890136719
2022-07-20,153.0399932861328,262.2699890136719,394.7699890136719
2022-07-21,155.35000610351562,264.8399963378906,398.7900085449219
2022-07-22,154.08999633789062,260.3599853515625,395.0899963378906
2022-07-25,152.9499969482422,258.8299865722656,395.57000732421875
2022-07-26,151.60000610351562,251.89999389648438,390.8900146484375
2022-07-27,156.7899932861328,268.739990234375,401.0400085449219
2022-07-28,157.35000610351562,276.4100036621094,406.07000732421875
2022-07-29,162.50999450683594,280.739990234375,411.989990234375
2022-08-01,161.50999450683594,278.010009765625,410.7699890136719
2022-08-02,160.00999450683594,274.82000732421875,408.05999755859375
2022-08-03,166.1300048828125,282.4700012207031,414.45001220703125
2022-08-04,165.80999755859375,283.6499938964844,414.1700134277344
2022-08-05,165.35000610351562,282.9100036621094,413.4700012207031
2022-08-08,164.8699951171875,280.32000732421875,412.989990234375
2022-08-09,164.9199981689453,282.29998779296875,411.3500061035156
2022-08-10,169.24000549316406,289.1600036621094,419.989990234375
2022-08-11,168.49000549316406,287.0199890136719,419.989990234375
2022-08-12,172.10000610351562,291.9100036621094,427.1000061035156
2022-08-15,173.19000244140625,293.4700012207031,428.8599853515625
2022-08-16,173.02999877929688,292.7099914550781,429.70001220703125
2022-08-17,174.5500030517578,291.32000732421875,426.6499938964844
2022-08-18,174.14999389648438,290.1700134277344,427.8900146484375
2022-08-19,171.52000427246094,286.1499938964844,422.1400146484375
2022-08-22,167.57000732421875,277.75,413.3500061035156
2022-08-23,167.22999572753906,276.44000244140625,412.3500061035156
2022-08-24,167.52999877929688,275.7900085449219,413.6700134277344
2022-08-25,170.02999877929688,278.8500061035156,419.510009765625
2022-08-26,163.6199951171875,268.0899963378906,405.30999755859375
2022-08-29,161.3800048828125,265.2300109863281,402.6300048828125
2022-08-30,158.91000366210938,262.9700012207031,398.2099914550781
2022-08-31,157.22000122070312,261.4700012207031,395.17999267578125
2022-09-01,157.9600067138672,260.3999938964844,396.4200134277344
2022-09-02,155.80999755859375,256.05999755859375,392.239990234375
2022-09-05,,,
2022-09-06,154.52999877929688,253.25,390.760009765625
2022-09-07,155.9600067138672,258.0899963378906,397.7799987792969
2022-09-08,154.4600067138672,258.5199890136719,400.3800048828125
2022-09-09,157.3699951171875,264.4599914550781,406.6000061035156
2022-09-12,163.42999267578125,266.6499938964844,410.9700012207031
2022-09-13,153.83999633789062,251.99000549316406,393.1000061035156
2022-09-14,155.30999755859375,252.22000122070312,394.6000061035156
2022-09-15,152.3699951171875,245.3800048828125,390.1199951171875
2022-09-16,150.6999969482422,244.74000549316406,385.55999755859375
2022-09-19,154.47999572753906,244.52000427246094,388.54998779296875
2022-09-20,156.89999389648438,242.4499969482422,384.0899963378906
2022-09-21,153.72000122070312,238.9499969482422,377.3900146484375
2022-09-22,152.74000549316406,240.97999572753906,374.2200012207031
2022-09-23,150.42999267578125,237.9199981689453,367.95001220703125
2022-09-26,150.77000427246094,237.4499969482422,364.30999755859375
2022-09-27,151.75999450683594,236.41000366210938,363.3800048828125
2022-09-28,149.83999633789062,241.07000732421875,370.5299987792969
2022-09-29,142.47999572753906,237.5,362.7900085449219
2022-09-30,138.1999969482422,232.89999389648438,357.17999267578125
2022-10-03,142.4499969482422,240.74000549316406,366.6099853515625
2022-10-04,146.10000610351562,248.8800048828125,377.9700012207031
2022-10-05,146.39999389648438,249.1999969482422,377.0899963378906
2022-10-06,145.42999267578125,246.7899932861328,373.20001220703125
2022-10-07,140.08999633789062,234.24000549316406,362.7900085449219
2022-10-10,140.4199981689453,229.25,360.0199890136719
2022-10-11,138.97999572753906,225.41000366210938,357.739990234375
2022-10-12,138.33999633789062,225.75,356.55999755859375
2022-10-13,142.99000549316406,234.24000549316406,365.9700012207031
2022-10-14,138.3800048828125,228.55999755859375,357.6300048828125
2022-10-17,142.41000366210938,237.52999877929688,366.82000732421875
2022-10-18,143.75,238.5,371.1300048828125
2022-10-19,143.86000061035156,236.47999572753906,368.5
2022-10-20,143.38999938964844,236.14999389648438,365.4100036621094
2022-10-21,147.27000427246094,242.1199951171875,374.2900085449219
2022-10-24,149.4499969482422,247.25,378.8699951171875
2022-10-25,152.33999633789062,250.66000366210938,384.9200134277344
2022-10-26,149.35000610351562,231.32000732421875,382.0199890136719
2022-10-27,144.8000030517578,226.75,379.9800109863281
2022-10-28,155.74000549316406,235.8699951171875,389.0199890136719
2022-10-31,153.33999633789062,232.1300048828125,386.2099914550781
2022-11-01,150.64999389648438,228.1699981689453,384.5199890136719
2022-11-02,145.02999877929688,220.10000610351562,374.8699951171875
2022-11-03,138.8800048828125,214.25,371.010009765625
2022-11-04,138.3800048828125,221.38999938964844,376.3500061035156
2022-11-07,138.9199981689453,227.8699951171875,379.95001220703125
2022-11-08,139.5,228.8699951171875,382.0
2022-11-09,134.8699951171875,224.50999450683594,374.1300048828125
2022-11-10,146.8699951171875,242.97999572753906,394.69000244140625
2022-11-11,149.6999969482422,247.11000061035156,398.510009765625
2022-11-14,148.27999877929688,241.5500030517578,395.1199951171875
2022-11-15,150.0399932861328,241.97000122070312,398.489990234375
2022-11-16,148.7899932861328,241.72999572753906,395.45001220703125
2022-11-17,150.72000122070312,241.67999267578125,394.239990234375
2022-11-18,151.2899932861328,241.22000122070312,396.0299987792969
2022-11-21,148.00999450683594,242.0500030517578,394.5899963378906
2022-11-22,150.17999267578125,245.02999877929688,399.8999938964844
2022-11-23,151.07000732421875,247.5800018310547,402.4200134277344
2022-11-24,,,
2022-11-25,148.11000061035156,247.49000549316406,402.3299865722656
2022-11-28,144.22000122070312,241.75999450683594,395.9100036621094
2022-11-29,141.1699981689453,240.3300018310547,395.2300109863281
2022-11-30,148.02999877929688,255.13999938964844,407.67999267578125
2022-12-01,148.30999755859375,254.69000244140625,407.3800048828125
2022-12-02,147.80999755859375,255.02000427246094,406.9100036621094
2022-12-05,146.6300048828125,250.1999969482422,399.5899963378906
2022-12-06,142.91000366210938,245.1199951171875,393.8299865722656
2022-12-07,140.94000244140625,244.3699951171875,393.1600036621094
2022-12-08,142.64999389648438,247.39999389648438,396.239990234375
2022-12-09,142.16000366210938,245.4199981689453,393.2799987792969
2022-12-12,144.49000549316406,252.50999450683594,398.95001220703125
2022-12-13,145.47000122070312,256.9200134277344,401.9700012207031
2022-12-14,143.2100067138672,257.2200012207031,399.3999938964844
2022-12-15,136.5,249.00999450683594,389.6300048828125
2022-12-16,134.50999450683594,244.69000244140625,383.2699890136719
2022-12-19,132.3699951171875,240.4499969482422,380.0199890136719
2022-12-20,132.3000030517578,241.8000030517578,380.5400085449219
2022-12-21,135.4499969482422,244.42999267578125,386.2300109863281
2022-12-22,132.22999572753906,238.19000244140625,380.7200012207031
2022-12-23,131.86000061035156,238.72999572753906,382.9100036621094
2022-12-26,,,
2022-12-27,130.02999877929688,236.9600067138672,381.3999938964844
2022-12-28,126.04000091552734,234.52999877929688,376.6600036621094
2022-12-29,129.61000061035156,241.00999450683594,383.44000244140625
2022-12-30,129.92999267578125,239.82000732421875,382.42999267578125
2023-01-02,,,
2023-01-03,125.06999969482422,239.5800018310547,380.82000732421875
2023-01-04,126.36000061035156,229.10000610351562,383.760009765625
2023-01-05,125.0199966430664,222.30999755859375,379.3800048828125
2023-01-06,129.6199951171875,224.92999267578125,388.0799865722656
2023-01-09,130.14999389648438,227.1199951171875,387.8599853515625
2023-01-10,130.72999572753906,228.85000610351562,390.5799865722656
2023-01-11,133.49000549316406,235.77000427246094,395.5199890136719
2023-01-12,133.41000366210938,238.50999450683594,396.9599914550781
2023-01-13,134.75999450683594,239.22999572753906,398.5
2023-01-16,,,
2023-01-17,135.94000244140625,240.35000610351562,397.7699890136719
2023-01-18,135.2100067138672,235.80999755859375,391.489990234375
2023-01-19,135.27000427246094,231.92999267578125,388.6400146484375
2023-01-20,137.8699951171875,240.22000122070312,395.8800048828125
2023-01-23,141.11000061035156,242.5800018310547,400.6300048828125
2023-01-24,142.52999877929688,242.0399932861328,400.20001220703125
2023-01-25,141.86000061035156,240.61000061035156,400.3500061035156
2023-01-26,143.9600067138672,248.0,404.75
2023-01-27,145.92999267578125,248.16000366210938,405.67999267578125
2023-01-30,143.0,242.7100067138672,400.5899963378906
2023-01-31,144.2899932861328,247.80999755859375,406.4800109863281
2023-02-01,145.42999267578125,252.75,410.79998779296875
2023-02-02,150.82000732421875,264.6000061035156,416.7799987792969
2023-02-03,154.5,258.3500061035156,412.3500061035156
2023-02-06,151.72999572753906,256.7699890136719,409.8299865722656
2023-02-07,154.64999389648438,267.55999755859375,415.19000244140625
2023-02-08,151.9199981689453,266.7300109863281,410.6499938964844
2023-02-09,150.8699951171875,263.6199951171875,407.0899963378906
2023-02-10,151.00999450683594,263.1000061035156,408.0400085449219
2023-02-13,153.85000610351562,271.32000732421875,412.8299865722656
2023-02-14,153.1999969482422,272.1700134277344,412.6400146484375
2023-02-15,155.3300018310547,269.32000732421875,413.9800109863281
2023-02-16,153.7100067138672,262.1499938964844,408.2799987792969
2023-02-17,152.5500030517578,258.05999755859375,407.260009765625
2023-02-20,,,
2023-02-21,148.47999572753906,252.6699981689453,399.0899963378906
2023-02-22,148.91000366210938,251.50999450683594,398.5400085449219
2023-02-23,149.39999389648438,254.77000427246094,400.6600036621094
2023-02-24,146.7100067138672,249.22000122070312,396.3800048828125
2023-02-27,147.9199981689453,250.16000366210938,397.7300109863281
2023-02-28,147.41000366210938,249.4199981689453,396.260009765625
2023-03-01,145.30999755859375,246.27000427246094,394.739990234375
2023-03-02,145.91000366210938,251.11000061035156,397.80999755859375
2023-03-03,151.02999877929688,255.2899932861328,404.19000244140625
2023-03-06,153.8300018310547,256.8699951171875,404.4700012207031
2023-03-07,151.60000610351562,254.14999389648438,398.2699890136719
2023-03-08,152.8699951171875,253.6999969482422,398.9200134277344
2023-03-09,150.58999633789062,252.32000732421875,391.55999755859375
2023-03-10,148.5,248.58999633789062,385.9100036621094
2023-03-13,150.47000122070312,253.9199981689453,385.3599853515625
2023-03-14,152.58999633789062,260.7900085449219,391.7300109863281
2023-03-15,152.99000549316406,265.44000244140625,389.2799987792969
2023-03-16,155.85000610351562,276.20001220703125,396.1099853515625
2023-03-17,155.0,279.42999267578125,389.989990234375
2023-03-20,157.39999389648438,272.2300109863281,393.739990234375
2023-03-21,159.27999877929688,273.7799987792969,398.9100036621094
2023-03-22,157.8300018310547,272.2900085449219,392.1099853515625
2023-03-23,158.92999267578125,277.6600036621094,393.1700134277344
2023-03-24,160.25,280.57000732421875,395.75
2023-03-27,158.27999877929688,276.3800048828125,396.489990234375
2023-03-28,157.64999389648438,275.2300109863281,395.6000061035156
2023-03-29,160.77000427246094,280.510009765625,401.3500061035156
2023-03-30,162.36000061035156,284.04998779296875,403.70001220703125
2023-03-31,164.89999389648438,288.29998779296875,409.3900146484375
2023-04-03,166.1699981689453,287.2300109863281,410.95001220703125
2023-04-04,165.6300048828125,287.17999267578125,408.6700134277344
2023-04-05,163.75999450683594,284.3399963378906,407.6000061035156
2023-04-06,164.66000366210938,291.6000061035156,409.19000244140625
2023-04-07,,,
2023-04-10,162.02999877929688,289.3900146484375,409.6099853515625
2023-04-11,160.8000030517578,282.8299865722656,409.7200012207031
2023-04-12,160.10000610351562,283.489990234375,408.04998779296875
2023-04-13,165.55999755859375,289.8399963378906,413.4700012207031
2023-04-14,165.2100067138672,286.1400146484375,412.4599914550781
2023-04-17,165.22999572753906,288.79998779296875,413.94000244140625
2023-04-18,166.47000122070312,288.3699951171875,414.2099914550781
2023-04-19,167.6300048828125,288.45001220703125,414.1400146484375
2023-04-20,166.64999389648438,286.1099853515625,411.8800048828125
2023-04-21,165.02000427246094,285.760009765625,412.20001220703125
2023-04-24,165.3300018310547,281.7699890136719,412.6300048828125
2023-04-25,163.77000427246094,275.4200134277344,406.0799865722656
2023-04-26,163.75999450683594,295.3699951171875,404.3599853515625
2023-04-27,168.41000366210938,304.8299865722656,412.4100036621094
2023-04-28,169.67999267578125,307.260009765625,415.92999267578125
2023-05-01,169.58999633789062,305.55999755859375,415.510009765625
2023-05-02,168.5399932861328,305.4100036621094,410.8399963378906
2023-05-03,167.4499969482422,304.3999938964844,408.0199890136719
2023-05-04,165.7899932861328,305.4100036621094,405.1300048828125
2023-05-05,173.57000732421875,310.6499938964844,412.6300048828125
2023-05-08,173.5,308.6499938964844,412.739990234375
2023-05-09,171.77000427246094,307.0,410.92999267578125
2023-05-10,173.55999755859375,312.30999755859375,412.8500061035156
2023-05-11,173.75,310.1099853515625,412.1300048828125
2023-05-12,172.57000732421875,308.9700012207031,411.5899963378906
2023-05-15,172.07000732421875,309.4599914550781,413.010009765625
2023-05-16,172.07000732421875,311.739990234375,410.25
2023-05-17,172.69000244140625,314.0,415.2300109863281
2023-05-18,175.0500030517578,318.5199890136719,419.2300109863281
2023-05-19,175.16000366210938,318.3399963378906,418.6199951171875
2023-05-22,174.1999969482422,321.17999267578125,418.7900085449219
2023-05-23,171.55999755859375,315.260009765625,414.0899963378906
2023-05-24,171.83999633789062,313.8500061035156,411.0899963378906
2023-05-25,172.99000549316406,325.9200134277344,414.6499938964844
2023-05-26,175.42999267578125,332.8900146484375,420.0199890136719
2023-05-29,,,
2023-05-30,177.3000030517578,331.2099914550781,420.17999267578125
2023-05-31,177.25,328.3900146484375,417.8500061035156
2023-06-01,180.08999633789062,332.5799865722656,421.82000732421875
2023-06-02,180.9499969482422,335.3999938964844,427.9200134277344
2023-06-05,179.5800018310547,335.94000244140625,427.1000061035156
2023-06-06,179.2100067138672,333.67999267578125,428.0299987792969
2023-06-07,177.82000732421875,323.3800048828125,426.54998779296875
2023-06-08,180.57000732421875,325.260009765625,429.1300048828125
2023-06-09,180.9600067138672,326.7900085449219,429.8999938964844
2023-06-12,183.7899932861328,331.8500061035156,433.79998779296875
2023-06-13,183.30999755859375,334.2900085449219,436.6600036621094
2023-06-14,183.9499969482422,337.3399963378906,437.17999267578125
2023-06-15,186.00999450683594,348.1000061035156,442.6000061035156
2023-06-16,184.9199981689453,342.3299865722656,439.4599914550781
2023-06-19,,,
2023-06-20,185.00999450683594,338.04998779296875,437.17999267578125
2023-06-21,183.9600067138672,333.55999755859375,434.94000244140625
2023-06-22,187.0,339.7099914550781,436.510009765625
2023-06-23,186.67999267578125,335.0199890136719,433.2099914550781
2023-06-26,185.27000427246094,328.6000061035156,431.44000244140625
2023-06-27,188.05999755859375,334.57000732421875,436.1700134277344
2023-06-28,189.25,335.8500061035156,436.3900146484375
2023-06-29,189.58999633789062,335.04998779296875,438.1099853515625
2023-06-30,193.97000122070312,340.5400085449219,443.2799987792969
2023-07-03,192.4600067138672,337.989990234375,443.7900085449219
2023-07-04,,,
2023-07-05,191.3300018310547,338.1499938964844,443.1300048828125
2023-07-06,191.80999755859375,341.2699890136719,439.6600036621094
2023-07-07,190.67999267578125,337.2200012207031,438.54998779296875
2023-07-10,188.61000061035156,331.8299865722656,439.6600036621094
2023-07-11,188.0800018310547,332.4700012207031,442.4599914550781
2023-07-12,189.77000427246094,337.20001220703125,446.0199890136719
2023-07-13,190.5399932861328,342.6600036621094,449.55999755859375
2023-07-14,190.69000244140625,345.239990234375,449.2799987792969
2023-07-17,193.99000549316406,345.7300109863281,450.8399963378906
2023-07-18,193.72999572753906,359.489990234375,454.19000244140625
2023-07-19,195.10000610351562,355.0799865722656,455.20001220703125
2023-07-20,193.1300048828125,346.8699951171875,452.17999267578125
2023-07-21,191.94000244140625,343.7699890136719,452.17999267578125
2023-07-24,192.75,345.1099853515625,454.20001220703125
2023-07-25,193.6199951171875,350.9800109863281,455.44000244140625
2023-07-26,194.5,337.7699890136719,455.510009765625
2023-07-27,193.22000122070312,330.7200012207031,452.489990234375
2023-07-28,195.8300018310547,338.3699951171875,456.9200134277344
2023-07-31,196.4499969482422,335.9200134277344,457.7900085449219
2023-08-01,195.61000061035156,336.3399963378906,456.4800109863281
2023-08-02,192.5800018310547,327.5,450.1300048828125
2023-08-03,191.1699981689453,326.6600036621094,448.8399963378906
2023-08-04,181.99000549316406,327.7799987792969,446.80999755859375
2023-08-07,178.85000610351562,330.1099853515625,450.7099914550781
2023-08-08,179.8000030517578,326.04998779296875,448.75
2023-08-09,178.19000244140625,322.2300109863281,445.75
2023-08-10,177.97000122070312,322.92999267578125,445.9100036621094
2023-08-11,177.7899932861328,321.010009765625,445.6499938964844
2023-08-14,179.4600067138672,324.0400085449219,448.1099853515625
2023-08-15,177.4499969482422,321.8599853515625,442.8900146484375
2023-08-16,176.57000732421875,320.3999938964844,439.6400146484375
2023-08-17,174.0,316.8800048828125,436.2900085449219
2023-08-18,174.49000549316406,316.4800109863281,436.5
2023-08-21,175.83999633789062,321.8800048828125,439.3399963378906
2023-08-22,177.22999572753906,322.4599914550781,438.1499938964844
2023-08-23,181.1199951171875,327.0,443.0299987792969
2023-08-24,176.3800048828125,319.9700012207031,436.8900146484375
2023-08-25,178.61000061035156,322.9800109863281,439.9700012207031
2023-08-28,180.19000244140625,323.70001220703125,442.760009765625
2023-08-29,184.1199951171875,328.4100036621094,449.1600036621094
2023-08-30,187.64999389648438,328.7900085449219,451.010009765625
2023-08-31,187.8699951171875,327.760009765625,450.3500061035156
2023-09-01,189.4600067138672,328.6600036621094,451.19000244140625
2023-09-04,,,
2023-09-05,189.6999969482422,333.54998779296875,449.239990234375
2023-09-06,182.91000366210938,332.8800048828125,446.2200012207031
2023-09-07,177.55999755859375,329.9100036621094,444.8500061035156
2023-09-08,178.17999267578125,334.2699890136719,445.5199890136719
2023-09-11,179.36000061035156,337.94000244140625,448.45001220703125
2023-09-12,176.3000030517578,331.7699890136719,445.989990234375
2023-09-13,174.2100067138672,336.05999755859375,446.510009765625
2023-09-14,175.74000549316406,338.70001220703125,450.3599853515625
2023-09-15,175.00999450683594,330.2200012207031,443.3699951171875
2023-09-18,177.97000122070312,329.05999755859375,443.6300048828125
2023-09-19,179.07000732421875,328.6499938964844,442.7099914550781
2023-09-20,175.49000549316406,320.7699890136719,438.6400146484375
2023-09-21,173.92999267578125,319.5299987792969,431.3900146484375
2023-09-22,174.7899932861328,317.010009765625,430.4200134277344
2023-09-25,176.0800018310547,317.5400085449219,432.2300109863281
2023-09-26,171.9600067138672,312.1400146484375,425.8800048828125
2023-09-27,170.42999267578125,312.7900085449219,426.04998779296875
2023-09-28,170.69000244140625,313.6400146484375,428.5199890136719
2023-09-29,171.2100067138672,315.75,427.4800109863281
2023-10-02,173.75,321.79998779296875,427.30999755859375
2023-10-03,172.39999389648438,313.3900146484375,421.5899963378906
2023-10-04,173.66000366210938,318.9599914550781,424.6600036621094
2023-10-05,174.91000366210938,319.3599853515625,424.5
2023-10-06,177.49000549316406,327.260009765625,429.5400085449219
